{
  "quality": {
    "auc_roc": 0.9549331170651607,
    "precision_at_100": 1.0,
    "precision_at_1000": 0.871,
    "separation": 1.2140554523809302,
    "best_f1": 0.8775303643724697,
    "best_threshold": 0.8500000000000002,
    "mean_pos_sim": 0.9474604574403143,
    "mean_neg_sim": 0.6431927200021414,
    "std_pos_sim": 0.07606232688847706,
    "std_neg_sim": 0.1745586284559072
  },
  "efficiency": {
    "encoding_speed": 9340.344636048138,
    "vector_bytes": 512,
    "vector_dimensions": 128,
    "comparison_speed": 1218827.428370054,
    "total_encoding_time_ms": 53.5312153333507
  }
}