{
  "quality": {
    "auc_roc": 0.9498027554167168,
    "precision_at_100": 1.0,
    "precision_at_1000": 0.864,
    "separation": 1.1525148244033159,
    "best_f1": 0.8714011516314779,
    "best_threshold": 0.8500000000000002,
    "mean_pos_sim": 0.9545201040743813,
    "mean_neg_sim": 0.700040433765045,
    "std_pos_sim": 0.06089669291982205,
    "std_neg_sim": 0.1599071221858404
  },
  "efficiency": {
    "encoding_speed": 6805.351966519651,
    "vector_bytes": 512,
    "vector_dimensions": 128,
    "comparison_speed": 1370602.481163088,
    "total_encoding_time_ms": 73.47158566667152
  }
}